-- phpMyAdmin SQL Dump
-- version 4.7.7
-- https://www.phpmyadmin.net/
--
-- Hôte : localhost:8889
-- Généré le :  mar. 19 juin 2018 à 08:36
-- Version du serveur :  5.6.38
-- Version de PHP :  7.2.1

SET SQL_MODE = "NO_AUTO_VALUE_ON_ZERO";
SET time_zone = "+00:00";

--
-- Base de données :  h2s
--

--
-- Déchargement des données de la table BASE_STUFF
--

INSERT INTO BASE_STUFF (ID_BASE_STUFF, NOM, DESCR, ATR_1, ATR_2, ATR_3, `TYPES`) VALUES
(1, 'Shigure', '', 49, 0, 1, 1),
(2, 'Veste', '', 49, 0, 1, 2),
(3, 'Chauve-souris', '', 0, 157, 1, 3),
(4, 'Zangetsu', '', 49, 0, 1, 1),
(5, 'Gilet', '', 49, 0, 1, 2),
(6, 'Nunchac', '', 0, 157, 1, 3),
(7, 'Poing Americain', '', 49, 0, 1, 1),
(8, 'Marcel', '', 49, 0, 1, 2),
(9, 'Donut', '', 0, 157, 1, 3);

--
-- Déchargement des données de la table NIV_PERSO
--

INSERT INTO NIV_PERSO (NIV_PERSO, XP, xp_min, XP_MAX, VIE, ATT) VALUES
(1, 40, 0, 40, 0, 0),
(2, 50, 40, 90, 30, 12),
(3, 60, 90, 150, 60, 24),
(4, 70, 150, 220, 90, 36),
(5, 80, 220, 300, 120, 48),
(6, 90, 300, 390, 150, 60),
(7, 100, 390, 490, 180, 72),
(8, 110, 490, 500, 210, 84),
(9, 120, 500, 620, 240, 96),
(10, 130, 620, 750, 270, 108),
(11, 140, 750, 890, 300, 120),
(12, 150, 890, 1040, 330, 132),
(13, 160, 1040, 1200, 360, 144),
(14, 170, 1200, 1370, 390, 156),
(15, 180, 1370, 1550, 420, 168),
(16, 190, 1550, 1740, 450, 180),
(17, 200, 1740, 1940, 480, 192),
(18, 210, 1940, 2150, 510, 204),
(19, 220, 2150, 2370, 540, 216),
(20, 230, 2370, 2600, 570, 228);

--
-- Déchargement des données de la table NIV_STUFF
--

INSERT INTO NIV_STUFF (NIV_STUFF, XP_MAX, UP_ATR_1, UP_ATR_2, COUT) VALUES
(1, 240, 4, 4, 50),
(2, 240, 3, 3, 100),
(3, 240, 3, 3, 150),
(4, 240, 3, 3, 200);

--
-- Déchargement des données de la table NIV_USER
--

INSERT INTO NIV_USER (NIV_USER, XP_MAX, ENDU_MAX, EMP_TEAM_MAX) VALUES
(1, 250, 50, 30),
(2, 500, 50, 30),
(3, 750, 50, 30),
(4, 1000, 50, 30),
(5, 1250, 55, 35),
(6, 1500, 55, 35);

--
-- Déchargement des données de la table PERSOS
--

INSERT INTO PERSOS (ID_PERSOS, NOM, `TYPES`, TEAM, VIE, ATT, DEF, VIT, PEN, ARM, PRE, ESC, CRIT, TEN, SOI, Q_BASE, STUFF_1, STUFF_2, STUFF_3, EMP_TEAM) VALUES
(1, 'Sanji', 'att_soi', 4, 611, 230, 49, 0, 160, 160, 112, 114, 131, 128, 10000, 1, 1, 2, 3, 4),
(2, 'Homer', 'def', 4, 630, 150, 49, 0, 150, 180, 104, 114, 121, 138, 10000, 1, 7, 8, 9, 4),
(3, 'Usopp', 'att_soi', 4, 611, 230, 49, 0, 160, 160, 112, 114, 131, 128, 10000, 1, 4, 5, 6, 4);

--
-- Déchargement des données de la table Q_PERSO
--

INSERT INTO Q_PERSO (ID_Q, ETOILE, VIE, ATT, NIV_MIN) VALUES
(1, 2, 200, 200, 0),
(2, 3, 200, 200, 20),
(3, 3, 200, 200, 30),
(4, 4, 200, 200, 40),
(5, 4, 200, 200, 50),
(6, 4, 200, 200, 60),
(7, 5, 200, 200, 70),
(8, 5, 200, 200, 100),
(9, 5, 200, 200, 110),
(10, 5, 200, 200, 120);

--
-- Déchargement des données de la table Q_STUFF
--

INSERT INTO Q_STUFF (ID_Q_STUFF, ETOILE, UP_ATR_1, UP_ATR_2, NIV_MIN) VALUES
(1, '2', 200, 200, 0),
(2, '3', 200, 200, 20),
(3, '3a', 200, 200, 30),
(4, '4', 200, 200, 40),
(5, '4a', 200, 200, 50),
(6, '4b', 200, 200, 60),
(7, '5', 200, 200, 70),
(8, '5a', 200, 200, 100),
(9, '5b', 200, 200, 110),
(10, '5c', 200, 200, 120);

--
-- Déchargement des données de la table STUFF
--

INSERT INTO STUFF (ID_STUFF, NIVEAU, XP, QUALITE, ID_BASE, ATR_1, ATR_2) VALUES
(4, 1, 0, 1, 1, 49, 1),
(5, 1, 0, 1, 2, 49, 1),
(6, 1, 0, 1, 3, 157, 1),
(1072, 4, NULL, 1, 7, 58, 0),
(1073, 4, NULL, 1, 8, 58, 0),
(1074, 4, NULL, 1, 9, 0, 166),
(1075, 4, NULL, 1, 7, 58, 0),
(1076, 4, NULL, 1, 8, 58, 0),
(1077, 4, NULL, 1, 9, 0, 166),
(1120, 4, NULL, 1, 4, 58, 0),
(1121, 4, NULL, 1, 5, 58, 0),
(1122, 4, NULL, 1, 6, 0, 166),
(1132, 4, NULL, 1, 4, 58, 0),
(1133, 4, NULL, 1, 5, 58, 0),
(1134, 4, NULL, 1, 6, 0, 166),
(1135, 4, NULL, 1, 1, 58, 0),
(1136, 4, NULL, 1, 2, 58, 0),
(1137, 4, NULL, 1, 3, 0, 166),
(1147, 4, NULL, 1, 7, 58, 0),
(1148, 4, NULL, 1, 8, 58, 0),
(1149, 4, NULL, 1, 9, 0, 166),
(1195, 1, NULL, 1, 7, 49, 0),
(1196, 1, NULL, 1, 8, 49, 0),
(1197, 1, NULL, 1, 9, 0, 157),
(1198, 1, NULL, 1, 7, 49, 0),
(1199, 1, NULL, 1, 8, 49, 0),
(1200, 1, NULL, 1, 9, 0, 157),
(1201, 1, NULL, 1, 7, 49, 0),
(1202, 1, NULL, 1, 8, 49, 0),
(1203, 1, NULL, 1, 9, 0, 157),
(1204, 1, NULL, 1, 1, 49, 0),
(1205, 1, NULL, 1, 2, 49, 0),
(1206, 1, NULL, 1, 3, 0, 157),
(1207, 1, NULL, 1, 4, 49, 0),
(1208, 1, NULL, 1, 5, 49, 0),
(1209, 1, NULL, 1, 6, 0, 157),
(1210, 1, NULL, 1, 4, 49, 0),
(1211, 1, NULL, 1, 5, 49, 0),
(1212, 1, NULL, 1, 6, 0, 157),
(1213, 1, NULL, 1, 7, 49, 0),
(1214, 1, NULL, 1, 8, 49, 0),
(1215, 1, NULL, 1, 9, 0, 157),
(1216, 1, NULL, 1, 7, 49, 0),
(1217, 1, NULL, 1, 8, 49, 0),
(1218, 1, NULL, 1, 9, 0, 157),
(1219, 1, NULL, 1, 7, 49, 0),
(1220, 1, NULL, 1, 8, 49, 0),
(1221, 1, NULL, 1, 9, 0, 157),
(1222, 1, NULL, 1, 1, 49, 0),
(1223, 1, NULL, 1, 2, 49, 0),
(1224, 1, NULL, 1, 3, 0, 157),
(1225, 1, NULL, 1, 4, 49, 0),
(1226, 1, NULL, 1, 5, 49, 0),
(1227, 1, NULL, 1, 6, 0, 157),
(1228, 1, NULL, 1, 4, 49, 0),
(1229, 1, NULL, 1, 5, 49, 0),
(1230, 1, NULL, 1, 6, 0, 157),
(1231, 1, NULL, 1, 7, 49, 0),
(1232, 1, NULL, 1, 8, 49, 0),
(1233, 1, NULL, 1, 9, 0, 157),
(1234, 1, NULL, 1, 7, 49, 0),
(1235, 1, NULL, 1, 8, 49, 0),
(1236, 1, NULL, 1, 9, 0, 157),
(1237, 1, NULL, 1, 7, 49, 0),
(1238, 1, NULL, 1, 8, 49, 0),
(1239, 1, NULL, 1, 9, 0, 157),
(1240, 1, NULL, 1, 1, 49, 0),
(1241, 1, NULL, 1, 2, 49, 0),
(1242, 1, NULL, 1, 3, 0, 157),
(1243, 1, NULL, 1, 4, 49, 0),
(1244, 1, NULL, 1, 5, 49, 0),
(1245, 1, NULL, 1, 6, 0, 157),
(1246, 1, NULL, 1, 4, 49, 0),
(1247, 1, NULL, 1, 5, 49, 0),
(1248, 1, NULL, 1, 6, 0, 157);


--
-- Déchargement des données de la table USERS
--

INSERT INTO USERS (ID_USER, PSEUDO, EMAIL, MDP, NIVEAU, ENDU, OR_, ARGENT, XP) VALUES
(1, 'Kyoko', 'guillaume.nagiel@gmail.com', 'molo1982', 1, 500, 2000, 28200, 50),
(2, 'bot', NULL, 'bot', 1, 50, 500, 2000, 0),
(3, 'batman', NULL, 'batcave', 1, 50, 500, 2000, 0),
(4, 'Superman', NULL, 'superman', 1, 50, 500, 2000, 0);


--
-- Déchargement des données de la table TEAM
--

INSERT INTO TEAM (ID_PERSO, ID_USER, ID_PERSOS, NIVEAU, XP, QUALITE, TEAM, STUFF_1, STUFF_2, STUFF_3, STUFF_4, ETAT, pv_fight) VALUES
(342, 1, 2, 20, 2913, 1, 1, 1072, 1073, 1074, 0, 'good', 983),
(343, 1, 2, 20, 2382, 1, 2, 1075, 1076, 1077, 0, 'good', 983),
(358, 1, 3, 11, 828, 1, 6, 1120, 1121, 1122, 0, 'good', 1077),
(362, 1, 3, 20, 2769, 1, 4, 1132, 1133, 1134, 0, 'good', 1347),
(363, 1, 1, 12, 1002, 1, 5, 1135, 1136, 1137, 0, 'good', 1107),
(367, 1, 2, 20, 2628, 1, 3, 1147, 1148, 1149, 0, 'good', 1060),
(383, 2, 2, 1, 228, 1, 1, 1195, 1196, 1197, 0, 'kill', 0),
(384, 2, 2, 1, 234, 1, 2, 1198, 1199, 1200, 0, 'kill', 0),
(385, 2, 2, 1, 204, 1, 3, 1201, 1202, 1203, 0, 'kill', 0),
(386, 2, 1, 1, 219, 1, 6, 1204, 1205, 1206, 0, 'kill', 0),
(387, 2, 3, 1, 270, 1, 4, 1207, 1208, 1209, 0, 'kill', 0),
(388, 2, 3, 1, 288, 1, 5, 1210, 1211, 1212, 0, 'kill', 0),
(389, 3, 2, 1, 0, 1, 1, 1213, 1214, 1215, 0, 'good', 374),
(390, 3, 2, 1, 0, 1, 2, 1216, 1217, 1218, 0, 'good', 542),
(391, 3, 2, 1, 0, 1, 3, 1219, 1220, 1221, 0, 'good', 703),
(392, 3, 1, 1, 0, 1, 4, 1222, 1223, 1224, 0, 'good', 768),
(393, 3, 3, 1, 0, 1, 5, 1225, 1226, 1227, 0, 'good', 768),
(394, 3, 3, 1, 0, 1, 6, 1228, 1229, 1230, 0, 'good', 768),
(395, 4, 2, 1, 0, 1, 0, 1231, 1232, 1233, 0, 'good', NULL),
(396, 4, 2, 1, 0, 1, 0, 1234, 1235, 1236, 0, 'good', NULL),
(397, 4, 2, 1, 0, 1, 0, 1237, 1238, 1239, 0, 'good', NULL),
(398, 4, 1, 1, 0, 1, 0, 1240, 1241, 1242, 0, 'good', NULL),
(399, 4, 3, 1, 0, 1, 0, 1243, 1244, 1245, 0, 'good', NULL),
(400, 4, 3, 1, 0, 1, 0, 1246, 1247, 1248, 0, 'good', NULL);
